<?xml version="1.0" encoding="UTF-8"?>
<!DOCTYPE mapper
        PUBLIC "-//mybatis.org//DTD Mapper 3.0//EN"
        "http://mybatis.org/dtd/mybatis-3-mapper.dtd">
<mapper namespace="com.linghang.catcampus.mapper.ArticleMapper">

<!--  关于Article的resultMap  -->
    <resultMap id="ArticleResultMap" type="com.linghang.catcampus.pojo.Article">
        <id column="id" property="id"/>
        <result column="title" property="title"/>
        <result column="content" property="content"/>
        <result column="excerpt" property="excerpt"/>
        <result column="author" property="author"/>
        <result column="status" property="status"/>
        <result column="created_at" property="createdAt"/>
        <result column="updated_at" property="updatedAt"/>
        <collection property="photos" ofType="java.lang.String" column="id"
                    select="selectPhotoPathsByArticleIdMini"/>
    </resultMap>

    <!--  文章详情页面  -->
    <select id="selectById" resultMap="ArticleResultMap">
        select * from article where id = #{articleId}
    </select>
    <select id="selectPhotoPathsByArticleIdMini" resultType="java.lang.String">
        select path from photo where article_id = #{id}
    </select>

<!--  文章封面界面，面向用户，只展示approved部分  -->
    <select id="selectArticlesByCategory" resultType="com.linghang.catcampus.DTO.ArticleDTO">
        select a.id, a.title,a.author,a.excerpt,a.status,p.path as coverImagePath
        from article a
        left join article_category ac on a.id = ac.article_id
        left join categories_article ca on ac.category_id = ca.id
        left join photo p on a.cover_photo_id = p.id
        where ca.id = #{categoryId}
        <if test="adminTag == false">
          and a.status = 'approved'
        </if>
        <if test="adminTag == true">
          and a.status = #{status}
        </if>
        <if test="keyWord != null and keyWord != ''">
            and (a.title like concat('%', #{keyWord}, '%')
            or a.excerpt like concat('%', #{keyWord}, '%')
            or a.author = #{keyWord})
        </if>
        order by a.created_at desc
    </select>

<!--  获取文章类别列表  -->
    <select id="getCategories" resultType="java.util.Map">
        select id,name
        from categories_article
    </select>

    <!-- 文章与分类绑定 -->
    <insert id="insertArticleCategory">
        INSERT INTO article_category(article_id, category_id)
        VALUES(#{articleId}, #{categoryId})
    </insert>

<!--  新增普通图  -->
    <insert id="insertPhoto">
        INSERT INTO photo(article_id, path)
        VALUES(#{articleId}, #{path})
    </insert>

<!--  更新封面图  -->
    <insert id="saveCoverPhoto" useGeneratedKeys="true" keyColumn="id" keyProperty="id">
        insert into photo(path)
        value(#{path})
    </insert>
</mapper>