<?xml version="1.0" encoding="UTF-8" ?>
<!DOCTYPE mapper
        PUBLIC "-//mybatis.org//DTD Mapper 3.0//EN"
        "http://mybatis.org/dtd/mybatis-3-mapper.dtd">
<mapper namespace="com.linghang.catcampus.mapper.CatMapper">
    <insert id="insertCat" parameterType="com.linghang.catcampus.pojo.Cat">
        INSERT INTO cat (name,birth_data,variety,adopt_message,adopt_state)
        VALUES (#{name},#{birth_data},#{variety},#{adopt_message},#{adopt_state})
    </insert>
    <insert id="insertPhoto">
        INSERT INTO photo(cat_id, path)
        VALUES(#{catId}, #{path})
    </insert>
    <!--  更新封面图  -->
    <insert id="saveCoverPhoto">
        insert into photo(path)
        value(#{path})
    </insert>
    <update id="updateCat">
        UPDATE cat SET name=#{name},birth_data=#{birth_data},
                       variety=#{variety},adopt_message=#{adopt_message},
                       adopt_state=#{adopt_state},created_at=#{created_at},
                       updated_at=#{updated_at} where id=#{id}
    </update>
    <delete id="deleteCat" parameterType="int">
        DELETE FROM cat where id=#{id}
    </delete>


    <select id="selectCatById" resultType="com.linghang.catcampus.pojo.Cat">
        SELECT * FROM cat where id=#{id}
    </select>
    <select id="selectAllCats" resultType="com.linghang.catcampus.pojo.Cat">
        SELECT * FROM cat where name LIKE CONCAT('%', #{name}, '%')
    </select>
    <select id="selectAll" resultType="com.linghang.catcampus.pojo.Cat">
        SELECT * FROM cat
    </select>


</mapper>
